seed,status,sspr_before_rare,sspr_after_rare,sspr_macro_f1,sspr_refined_count,heb_train_rare,heb_val_rare,heb_test_rare,error,elapsed_sec
0,ok,0.1576923076923077,0.7503334272565041,0.15969765917525014,16,0.7844995643245743,0.6293405790116317,0.7738705738705739,,29.59088953399987
1,ok,0.5463851319620551,0.6316168873861182,0.34118199641561614,16,0.8368197847380779,0.5988267945504787,0.577353949469334,,30.91850794399943
2,ok,0.47233140790833095,0.6348478444632291,0.37075537609452325,16,0.799712743396954,0.704124895572264,0.61024584389969,,29.283257342998695
3,ok,0.44109490936414014,0.5743718887949657,0.36090925417395997,16,0.7736760664267732,0.5717643467643467,0.6662698412698412,,29.875384085000405
4,ok,0.4261939983093829,0.6156734291349676,0.25395960544199747,16,0.8018585361309819,0.6209899749373434,0.6408624495162958,,29.234295424001175
5,ok,0.4782720484643562,0.5357424626655397,0.2812521220269315,16,0.7359321284425605,0.5649765439239124,0.587274584389969,,29.16193230600038
6,ok,0.3210810556964404,0.552170799286184,0.26758752885402765,16,0.7499716261662688,0.5931700244200244,0.5859831407908331,,29.145740150001075
7,ok,0.4894512538743308,0.5455409974640744,0.31580814414358216,16,0.7733450053782535,0.6035505430242273,0.5694080492157415,,29.50558999599889
8,ok,0.5255024889640275,0.6150582323659247,0.3020857517231399,16,0.7657852401485462,0.6426912634149476,0.6349300272377196,,29.428306465000787
9,ok,0.4882666478820325,0.6196616417770264,0.32892324946353946,16,0.7703025576299235,0.5442424169397854,0.647384239691932,,29.230782051999995
10,ok,0.41893608528223913,0.6064959613036536,0.2578091761864111,16,0.7819603219502262,0.6822420634920635,0.5839943176481639,,29.159418027000356
11,ok,0.2434018972480511,0.7617509627125012,0.20561597555030475,16,0.7750346907521494,0.6641656223893065,0.6801176387714849,,29.413729528001568
12,ok,0.5527906922137691,0.6342162111392882,0.39129750378659917,16,0.7992781882719964,0.5793233082706767,0.6334859584859583,,29.577610740998352
13,ok,0.5035726026110641,0.6562916784070629,0.2964340197956701,16,0.813771656395832,0.5059523809523809,0.5782145205222128,,29.387396982998325
14,ok,0.3761869540715695,0.5463299520991829,0.292556858457638,16,0.7548406044980281,0.5162071846282372,0.6086068845684229,,29.32704928900057
15,ok,0.43312083215929376,0.5821757302526533,0.2994723698598043,16,0.7800132474826242,0.6231688998136367,0.6209284305438151,,29.196819360000518
16,ok,0.397570911993989,0.6464121348736733,0.3293158933060786,16,0.8058372103909861,0.7357524420024419,0.5996336996336996,,29.119149008998647
17,ok,0.3766283929745469,0.6294554804170189,0.3267292913896284,16,0.7817406285080265,0.6069235588972431,0.6391225227763689,,29.307277117000922
18,ok,0.43992908800601105,0.5382502113271344,0.37600696876241124,16,0.7797388486687181,0.646266708437761,0.7573764910303372,,29.14656198299781
19,ok,0.5704940358786512,0.6916901474593782,0.42038627071090595,16,0.7828937890729518,0.5619429181929182,0.7048887010425472,,29.194914545998472
20,ok,0.27218230487461254,0.4805332488024796,0.22608214292243142,16,0.7706245213036168,0.5813628622839149,0.5432891894430356,,29.421802750999632
21,ok,0.4282720484643561,0.5102587583356815,0.3485577425076927,16,0.8099260942739204,0.6764463241436925,0.5955891330891331,,29.338178743000753
22,ok,0.3911700479008171,0.6194327040480887,0.2763133890045287,16,0.6414735740721741,0.5867617762354604,0.47838240819010047,,29.43479912299881
23,ok,0.5235582793275101,0.5758183056259979,0.35994681798107814,16,0.8375222357373387,0.6688074352548036,0.7193775241852165,,29.274212289001298
24,ok,0.35803982342443874,0.5583521179675026,0.2553831383164154,16,0.7920252813475319,0.5283866718077245,0.6097621395698318,,29.192165248001402
25,ok,0.281336291913215,0.5992192636423406,0.32515667203826876,16,0.8086014174276388,0.6495156159629843,0.6932480980557904,,29.385222983000858
26,ok,0.33294824833286374,0.5465988071757303,0.34693535770258993,16,0.721353581624816,0.6126546333783176,0.5150077486615948,,29.55083287999878
27,ok,0.3075361604207758,0.5685157790927021,0.3056165891929824,16,0.7761380513864024,0.6749007936507936,0.5961327134404057,,29.227999220998754
28,ok,0.4351354841739457,0.564664929088006,0.3457340302158855,16,0.5999104349185114,0.5927314279287963,0.5657497417112801,,29.17494553600045
29,ok,0.47084389969005347,0.517038837231145,0.3382098503511994,16,0.7977486479061386,0.5850162264635949,0.6616746501361886,,29.36040073500044
30,ok,0.3244364609749225,0.5925483704329858,0.3158208518674005,16,0.7207977615307001,0.616468253968254,0.6181670893209354,,29.43833205199917
31,ok,0.3032156945618484,0.5323647506339814,0.328619697887032,16,0.774340987091694,0.771329365079365,0.6180907767446229,,29.169748510998033
32,ok,0.4677573494881187,0.6059993425378041,0.3098624764150563,16,0.7994762425621224,0.5959879667116509,0.6461538461538462,,29.19365006999942
33,ok,0.45538414576876113,0.4979876960646192,0.3291242115951911,16,0.8382034946229319,0.6146006040742883,0.6227716727716727,,29.132965470998897
34,ok,0.42896942800788956,0.6411160420775806,0.3654978433223073,16,0.722723673456612,0.7183286742497268,0.6552503052503051,,29.099867690998508
35,ok,0.4236322438245515,0.6211503240349394,0.34036549575707853,16,0.7266346926233853,0.560752442002442,0.7099394195548041,,29.095311817996844
36,ok,0.4241570395416549,0.6419343477035784,0.32957278181595717,16,0.788533455414597,0.5435459642696485,0.5313233774772237,,29.110329069997533
37,ok,0.40960012210012214,0.5242944021790176,0.36343598863036586,16,0.8032199145511838,0.7686070143306986,0.6776650699727623,,29.167794172997674
38,ok,0.4507091199398892,0.5236545505776274,0.3621404651201554,16,0.7461760082247362,0.7355733082706767,0.5600779562318023,,29.195826650000527
39,ok,0.4499201653047807,0.6444479665633513,0.3193567990846403,16,0.7481397119504537,0.5800386382623225,0.7601648351648352,,29.25067755100099
40,ok,0.5632255564947873,0.6069315300084531,0.32236607097022624,16,0.7546654702590898,0.5440267335004177,0.6461996336996336,,29.204139782999846
41,ok,0.38955691744153287,0.5796374565605334,0.33437980203924317,16,0.8002772318541601,0.5652568922305764,0.6573260073260072,,29.126309264000156
42,ok,0.37722950126796284,0.5823330515638208,0.3139835813366643,16,0.7766538695721628,0.5288043827517511,0.605117638771485,,29.27130960700015
43,ok,0.3108117310040387,0.5142058795904949,0.2736430843899769,16,0.7708619002480895,0.6458506040742883,0.5636693434770358,,29.130912838998483
44,ok,0.4364022729407345,0.6101836197990045,0.3187599084933143,16,0.7571428826927549,0.6796016483516484,0.5956584014276322,,29.355810253000527
45,ok,0.37677749600826527,0.6445231051000282,0.3433570055019516,16,0.7253373635807342,0.594774596748281,0.6565558373250682,,29.287466265002877
46,ok,0.36107236780313706,0.5302068657837888,0.3138907314198895,16,0.8563600150442257,0.6939239123449651,0.6477869352869353,,29.100300024998432
47,ok,0.39044566544566545,0.6420400112707806,0.3332480274641161,16,0.6638193615014182,0.5757462566673093,0.5021567108105569,,29.341179213999567
48,ok,0.3635131962055039,0.5649596130365361,0.3372472230677157,16,0.8176797848806194,0.5869794679005206,0.6427550014088476,,29.175246667000465
49,ok,0.4295705363013056,0.5375023480792711,0.3595034303440717,16,0.7635084718729893,0.6504960317460318,0.6416971916971916,,29.43285467000169
50,ok,0.47328238001314926,0.5610371466140697,0.3647111711369336,16,0.5921857128802882,0.6730733082706766,0.568574481074481,,29.172192377998726
51,ok,0.4609080022541561,0.6311343570958955,0.2850627660919407,16,0.8183731418668826,0.5562291144527987,0.5603984690523152,,29.122974973000964
52,ok,0.450668028552644,0.6117298299990608,0.3673646038497757,16,0.7212037229583333,0.7363476800976801,0.6256715506715508,,29.10737131499991
53,ok,0.44286770921386304,0.5534857236780314,0.3365966483221371,16,0.7761320496257903,0.6225543827517511,0.6268620268620269,,29.188066902999708
54,ok,0.4167946369869447,0.6179616323847092,0.3750318598227298,16,0.6987151357638639,0.5649363794100636,0.4904703202780126,,29.2483668950008
55,ok,0.5131187188879496,0.5627982060674368,0.28765629799133724,16,0.8275617793163896,0.6941468253968254,0.5882830844369307,,29.155389223000384
56,ok,0.45347867944021786,0.5672607307222692,0.36181420092514904,16,0.7669883227057812,0.5563628622839148,0.5568974828590213,,29.09419074499965
57,ok,0.5312341504649197,0.5312752418521649,0.38392283399145766,16,0.8548082590423417,0.7120039682539683,0.6617157415234338,,29.125984962000075
58,ok,0.2779761904761905,0.6398363388748004,0.18674285105753236,16,0.7959762250582011,0.5229339374076215,0.5793427726120034,,29.35693703400102
59,ok,0.33328519770827464,0.4719604113834883,0.2990568774545628,16,0.7878923174460931,0.6520395540132382,0.6154808866347329,,29.181608369999594
60,ok,0.3079329858176012,0.6611968160045083,0.27858701987937545,16,0.8079372810076808,0.5669434001670844,0.630509768009768,,29.128493285999866
61,ok,0.489055602517141,0.557711092326477,0.3262634750458769,16,0.828432380019404,0.5955702557676242,0.5704764252841176,,29.137377462000586
62,ok,0.5020076077768386,0.6834296045834507,0.3199180671021256,16,0.8044479545670822,0.5809086016322859,0.666401333709026,,29.230683977999433
63,ok,0.341159481544097,0.571287686672302,0.3510536042069487,16,0.7919782295997128,0.546705304928989,0.5573764910303372,,29.377631728999404
64,ok,0.3354970883817038,0.5413954635108481,0.3015778685930547,16,0.7864757058773749,0.6068990585437954,0.6749636047712971,,29.10664881699995
65,ok,0.46662205316051464,0.5846693904386212,0.37532627200494834,16,0.5205308469045177,0.5738476800976801,0.554689114304499,,29.152053568002884
66,ok,0.42284211514980746,0.659110547572086,0.28940227797515206,16,0.7728557103122994,0.5847170008354219,0.6408013994552456,,29.253231823000533
67,ok,0.47957171034094104,0.5942894712125482,0.3667777635758518,16,0.7798992464862704,0.6268202557676242,0.5772729407344792,,29.13886724999975
68,ok,0.3809852540621771,0.5743120127735513,0.33917920152593933,16,0.7727763828955106,0.6134310134310134,0.6763935850474312,,29.07675405700138
69,ok,0.3565100497792806,0.6377230675307598,0.3043786307759651,16,0.7010881643571103,0.5093599383073066,0.5890004226542689,,29.131487365000794
70,ok,0.34195430637738333,0.5922043768197615,0.2263934313525574,16,0.715149633914609,0.6582268973716342,0.5635472433549357,,29.100615190996905
71,ok,0.4238048276509815,0.6192847750540058,0.30921717446350105,16,0.776695569652226,0.6830722639933167,0.7059876021414483,,29.105961594999826
72,ok,0.5324809805579036,0.6135214144829529,0.39208458903150717,16,0.770525569057673,0.5473386993123835,0.6213569550108011,,29.113220131999697
73,ok,0.40971752606367995,0.5981215365830751,0.31211331561612715,16,0.7401306946743748,0.6077553659790501,0.6215600638677562,,29.150593922000553
74,ok,0.45051188128111197,0.6107436367051752,0.37919689241558013,16,0.7863258420560885,0.5807330827067669,0.729140837794684,,29.3828452250018
75,ok,0.4663074105381798,0.550684465107542,0.3658950063475027,16,0.8243613223024989,0.6867236199473042,0.6735242321780783,,29.17487499300114
76,ok,0.36735935005165776,0.5919296515450362,0.3071328941480386,16,0.7236879421561073,0.7249160561660561,0.6462242885319808,,29.146965023999655
77,ok,0.44271156194233124,0.5270087818164741,0.29872074949424837,16,0.8049246251548041,0.6271540228777072,0.5333368554522401,,29.418352190001315
78,ok,0.44266460035690813,0.5029632760401991,0.2742342496049373,16,0.8311955835229491,0.5256679358653042,0.626978256785949,,29.33532589099923
79,ok,0.2988623555931248,0.5754813562505869,0.3212657323631817,16,0.7621886211285861,0.538305298502667,0.72766037381422,,29.437986504002765
80,ok,0.37571851225697384,0.6051974734667043,0.2910307456295004,16,0.8082138723214237,0.5639463241436926,0.5679945054945055,,29.166622761000326
81,ok,0.3462630318399549,0.5835411383488306,0.24106816861101965,16,0.7370298909597603,0.6379960317460317,0.5523962148962148,,29.393714892998105
82,ok,0.46989997182304877,0.5888419273034657,0.36654243617400856,16,0.804779444627338,0.604563492063492,0.6781123790739176,,28.955908457999612
83,ok,0.27624683009298395,0.6429628064243449,0.2931594127859511,16,0.7675698156556953,0.5942424169397853,0.6672208133746594,,29.000249777000136
84,ok,0.42965271907579594,0.5506750727904575,0.3372508973301027,16,0.7530042753471208,0.6010302197802199,0.5719216680755143,,28.944688901003246
85,ok,0.3844134497980652,0.49321639898562974,0.30576043799931735,16,0.7795258936334452,0.5932330827067668,0.5727446698600545,,28.93229833499936
86,ok,0.5161336526721143,0.6361968160045083,0.359833112980283,16,0.7195938988050982,0.6493629908103592,0.49897741147741137,,28.976995267003076
87,ok,0.4976859678782756,0.6165069972762279,0.30257513759245697,16,0.7450074162363839,0.5586080586080585,0.6186097022635485,,28.965988034000475
88,ok,0.4977998497229267,0.6121736169813092,0.3822804112815962,16,0.7491182842374121,0.6324770258980785,0.5522882032497418,,29.08827642599863
89,ok,0.3733927397388936,0.5372006198929276,0.35764316747687236,16,0.7793735846421269,0.5233098772572456,0.7029550577627499,,29.071284236000793
90,ok,0.4343465295388373,0.5422196393350239,0.3660346579956936,16,0.7905639543746962,0.7295024420024422,0.6754731379731379,,28.96580879300018
91,ok,0.6029844087536395,0.6061742744435051,0.37342626665281087,16,0.6353670721452388,0.6003341687552214,0.5359584859584859,,29.09697173800305
92,ok,0.31344979806518264,0.5397071945148867,0.31630566285293754,16,0.7867704111720802,0.5522170811644496,0.6291561003099465,,28.99614487299914
93,ok,0.46252700291161825,0.5776580257349488,0.3898431956169094,16,0.774359802980075,0.5853692725403251,0.6719979806518268,,28.975283130999742
94,ok,0.36944561848408003,0.5379555273786043,0.3139280442365889,16,0.7863389694093693,0.5621987661461346,0.5476941861557246,,29.133973975000117
95,ok,0.25540997464074383,0.5195841551610783,0.23756924981057656,16,0.7654414435118433,0.5700971177944861,0.6573459659998122,,29.13872758100115
96,ok,0.5163168028552645,0.5735136658213581,0.34856608484601886,16,0.7431638431564398,0.6894021913758756,0.7257220343758806,,29.02532552000048
97,ok,0.45984080022541557,0.5807891894430357,0.3525244403881359,16,0.7812689610784912,0.6125574352548037,0.6223595848595849,,29.223735277999367
98,ok,0.3268432422278576,0.5603972950126797,0.3637741948228474,16,0.6388771271305932,0.5935078079814923,0.5108669108669108,,29.02011965499696
99,ok,0.4251338405184559,0.5630529726683572,0.2548724326465496,16,0.7972077359955944,0.6917449874686716,0.6129015215553678,,30.13617798100313
